polymerase	substitution_mean_rate	deletion_mean_rate	deletion_std_rate	insertion_mean_rate	insertion_std_rate	all_error_mean_rate	all_error_std_rate
Accustart	0.0017034985061008922	0.00037539763877669774	1.2342878715049305e-05	0.0010065167566872494	4.5255706875587496e-05	0.0030854129015648393	4.5295355303927724e-05
Hotstart	0.0002623945622201094	0.0002971164935496605	3.340757540331315e-06	0.0008982427957152317	2.006612294022626e-05	0.0014577538514850014	1.7921511685849816e-05
shotgun	8.509540236488563e-05	0.00027217389668779683		0.0008751111282520822		0.0012323804273047646	
